{
    "$schema": "https://frictionlessdata.io/schemas/table-schema.json",
    "title": "Délibérations",
    "author": "OpenDataFrance",
    "version": "2.0",
    "created": "2018-05-23",
    "description": "Spécification du modèle de données relatif aux délibérations adoptées par une collectivité locale",
    "homepage": "https://git.opendatafrance.net/scdl/deliberations",
    "fields": [
        {
            "name": "COLL_NOM",
            "type": "string",
            "title": "Nom de la collectivité",
            "description": "Nom officiel de la collectivité délibérante",
            "example": "Ville de Poitiers",
            "constraints": {
                "required": true
            }
        },
        {
            "name": "COLL_SIRET",
            "type": "string",
            "title": "Code SIRET de la collectivité",
            "description": "Identifiant du Système d'Identification du Répertoire des Etablissements (SIRET)",
            "example": "23350001600040",
            "constraints": {
                "required": true,
                "pattern": "^\\d{14}$"
            }
        },
        {
            "name": "DELIB_ID",
            "type": "string",
            "title": "Identifiant de la délibération",
            "description": "Identifiant interne de délibération respectant le formalisme propre à la collectivité",
            "example": "1DL15494",
            "constraints": {
                "required": true
            }
        },
        {
            "name": "DELIB_DATE",
            "type": "date",
            "title": "Date de la délibération",
            "example": "2017-10-15",
            "constraints": {
                "required": true
            }
        },
        {
            "name": "DELIB_MATIERE_CODE",
            "type": "string",
            "title": "Code de la matière de la délibération",
            "description": "Code de l'indexation de niveau 2 de la nomenclature Actes",
            "example": "1.1, 7.10",
            "constraints": {
                "required": true,
                "pattern": "^\\d\\.\\d{1,2}$"
            }
        },
        {
            "name": "DELIB_MATIERE_NOM",
            "type": "string",
            "title": "Nom de la matière de la délibération",
            "description": "Intitulé de matière niveau 1 suivi de l'intitulé de sous-matière niveau 2 séparés par « / »",
            "example": "Finances locales/Divers",
            "constraints": {
                "required": true,
                "pattern": "^\\w+( \\w+)*\\\/[ \\w]+$"
            }
        },
        {
            "name": "DELIB_OBJET",
            "type": "string",
            "title": "Objet de la délibération",
            "example": "Lancement d'une démarche partenariale de définition d'une politique montagne et adhésion à l'association nationale des élus de la montagne",
            "constraints": {
                "required": true
            }
        },
        {
            "name": "BUDGET_ANNEE",
            "type": "string",
            "title": "Année du budget",
            "description": "Année de l'exercice budgétaire sur lequel s'applique la décision si celle-ci a un impact budgétaire. Format AAAA pour une année ou AAAA/AAAA pour un intervalle entre deux années (ISO 8601).",
            "example": "2017, 2017/2018, 2016/2018",
            "constraints": {
                "pattern": "^[0-9]{4}(\\/[0-9]{4})?$"
            }
        },
        {
            "name": "BUDGET_NOM",
            "type": "string",
            "title": "Nom du budget",
            "description": "Nom du budget si la délibération engendre une affection budgétaire",
            "example": "Budget annexe déchets-collecte et traitement"
        },
        {
            "name": "PREF_ID",
            "type": "string",
            "title": "Identifiant de l'entité exerçant le contrôle de légalité",
            "description": "Pour les préfectures : PREFNNN (7 caractères)\nPour les sous-préfectures : SPREFNNNM (9 caractères)\nPour les SGAR : SGARNNN (7 caractères)\nOù NNN : numéro sur 3 caractères du département et M : numéro sur un chiffre de l'arrondissement",
            "example": "PREF038"
        },
        {
            "name": "PREF_DATE",
            "type": "date",
            "title": "Date d'enregistrement de la délibération au contrôle de légalité",
            "example": "2017-02-03"
        },
        {
            "name": "VOTE_EFFECTIF",
            "type": "integer",
            "title": "Décompte de l'effectif total des élus susceptibles de participer au vote (présents à la séance)",
            "example": "43"
        },
        {
            "name": "VOTE_REEL",
            "type": "integer",
            "title": "Décompte de l’effectif total des élus ayant réellement participé au vote (exclusion des absents)",
            "example": "40"
        },
        {
            "name": "VOTE_POUR",
            "type": "integer",
            "title": "Nombre de votes Pour",
            "example": "25"
        },
        {
            "name": "VOTE_CONTRE",
            "type": "integer",
            "title": "Nombre de votes Contre",
            "example": "10"
        },
        {
            "name": "VOTE_ABSTENTION",
            "type": "integer",
            "title": "Nombre de votes Abstention",
            "example": "5"
        },
        {
            "name": "DELIB_URL",
            "type": "string",
            "format": "uri",
            "title": "Lien vers le document de la délibération"
        }
    ],
    "custom_checks": [
        {
            "name": "french-siret-value",
            "params": {
                "column": "COLL_SIRET"
            }
        },
        {
            "name": "year-interval-value",
            "params": {
                "column": "BUDGET_ANNEE",
                "allow-year-only": "yes"
            }
        },
        {
            "name": "cohesive-columns-value",
            "params": {
                "column": "BUDGET_ANNEE",
                "othercolumns": [
                    "BUDGET_NOM"
                ]
            }
        },
        {
            "name": "cohesive-columns-value",
            "params": {
                "column": "VOTE_EFFECTIF",
                "othercolumns": [
                    "VOTE_REEL",
                    "VOTE_POUR",
                    "VOTE_CONTRE",
                    "VOTE_ABSTENTION"
                ]
            }
        },
        {
            "name": "compare-columns-value",
            "params": {
                "column": "PREF_DATE",
                "op": ">=",
                "column2": "DELIB_DATE"
            }
        },
        {
            "name": "compare-columns-value",
            "params": {
                "column": "VOTE_EFFECTIF",
                "op": ">=",
                "column2": "VOTE_REEL"
            }
        },
        {
            "name": "compare-columns-value",
            "params": {
                "column": "VOTE_REEL",
                "op": ">=",
                "column2": "VOTE_POUR"
            }
        },
        {
            "name": "compare-columns-value",
            "params": {
                "column": "VOTE_REEL",
                "op": ">=",
                "column2": "VOTE_CONTRE"
            }
        },
        {
            "name": "compare-columns-value",
            "params": {
                "column": "VOTE_REEL",
                "op": ">=",
                "column2": "VOTE_ABSTENTION"
            }
        },
        {
            "name": "sum-columns-value",
            "params": {
                "column": "VOTE_REEL",
                "columns": [
                    "VOTE_POUR",
                    "VOTE_CONTRE",
                    "VOTE_ABSTENTION"
                ]
            }
        },
        {
            "name": "nomenclature-actes-value",
            "params": {
                "column": "DELIB_MATIERE_NOM"
            }
        }
    ]
}