{"$schema": "https://opendataschema.frama.io/catalog/schema-catalog.json", "version": 1, "schemas": [{"name": "etalab/schema-irve", "title": "Infrastructures de recharge pour véhicules électriques", "description": "Spécification du fichier d'échange relatif aux données concernant la localisation géographique et les caractéristiques techniques des stations et des points de recharge pour véhicules électriques", "schema_url": "https://schema.data.gouv.fr/schemas/etalab/schema-irve/latest/schema.json", "schema_type": "tableschema", "contact": "contact@transport.beta.gouv.fr", "examples": [{"title": "Exemple de fichier IRVE valide", "path": "https://github.com/etalab/schema-irve/raw/v2.0.0/exemple-valide.csv"}], "versions": [{"version_name": "1.0.0", "schema_url": "https://schema.data.gouv.fr/schemas/etalab/schema-irve/1.0.0/schema.json"}, {"version_name": "1.0.1", "schema_url": "https://schema.data.gouv.fr/schemas/etalab/schema-irve/1.0.1/schema.json"}, {"version_name": "1.0.2", "schema_url": "https://schema.data.gouv.fr/schemas/etalab/schema-irve/1.0.2/schema.json"}, {"version_name": "1.0.3", "schema_url": "https://schema.data.gouv.fr/schemas/etalab/schema-irve/1.0.3/schema.json"}, {"version_name": "2.0.0", "schema_url": "https://schema.data.gouv.fr/schemas/etalab/schema-irve/2.0.0/schema.json"}]}, {"name": "139bercy/format-commande-publique", "title": "Données essentielles des marchés publics français", "description": "Données des attributions de marchés publics et de contrats de concessions supérieures à 40 000 euros.", "schema_url": "https://schema.data.gouv.fr/schemas/139bercy/format-commande-publique/1.3.0/contrats-concessions.json", "schema_type": "jsonschema", "contact": "schema@data.gouv.fr", "versions": [{"version_name": "1.3.0", "schema_url": "https://schema.data.gouv.fr/schemas/139bercy/format-commande-publique/1.3.0/contrats-concessions.json"}, {"version_name": "1.3.0", "schema_url": "https://schema.data.gouv.fr/schemas/139bercy/format-commande-publique/1.3.0/marchés.json"}, {"version_name": "1.4.0", "schema_url": "https://schema.data.gouv.fr/schemas/139bercy/format-commande-publique/1.4.0/marches.json"}, {"version_name": "1.5.0", "schema_url": "https://schema.data.gouv.fr/schemas/139bercy/format-commande-publique/1.5.0/marches.json"}]}, {"name": "etalab/schema-decp-dpa", "title": "Spécification du fichier de déclaration de profil d'acheteur", "description": "Spécification du fichier de déclaration de profil d'acheteur", "schema_url": "https://schema.data.gouv.fr/schemas/etalab/schema-decp-dpa/latest/schema.json", "schema_type": "tableschema", "contact": "schema@data.gouv.fr", "examples": [], "versions": [{"version_name": "1.0.0", "schema_url": "https://schema.data.gouv.fr/schemas/etalab/schema-decp-dpa/1.0.0/schema.json"}]}, {"name": "scdl/catalogue", "title": "Catalogue simplifié", "description": "Spécification du modèle de données relatif au catalogue des jeux de données publiés en open data par une collectivité", "schema_url": "https://schema.data.gouv.fr/schemas/scdl/catalogue/latest/schema.json", "schema_type": "tableschema", "contact": "scdl@opendatafrance.email", "examples": [], "versions": [{"version_name": "0.1.1", "schema_url": "https://schema.data.gouv.fr/schemas/scdl/catalogue/0.1.1/schema.json"}, {"version_name": "0.1.2", "schema_url": "https://schema.data.gouv.fr/schemas/scdl/catalogue/0.1.2/schema.json"}]}, {"name": "scdl/deliberations", "title": "Délibérations", "description": "Spécification du modèle de données relatif aux délibérations adoptées par une collectivité locale", "schema_url": "https://schema.data.gouv.fr/schemas/scdl/deliberations/latest/schema.json", "schema_type": "tableschema", "contact": "scdl@opendatafrance.email", "examples": [{"title": "Exemple de fichier délibérations valide", "path": "https://git.opendatafrance.net/scdl/deliberations/raw/v2.1.3/examples/Deliberations_ok.csv"}, {"title": "Exemple de fichier délibérations invalide", "path": "https://git.opendatafrance.net/scdl/deliberations/raw/v2.1.3/examples/Deliberations_coll_siret_ko.csv"}], "versions": [{"version_name": "1.1.0", "schema_url": "https://schema.data.gouv.fr/schemas/scdl/deliberations/1.1.0/schema.json"}, {"version_name": "2.0.0", "schema_url": "https://schema.data.gouv.fr/schemas/scdl/deliberations/2.0.0/schema.json"}, {"version_name": "2.1.0", "schema_url": "https://schema.data.gouv.fr/schemas/scdl/deliberations/2.1.0/schema.json"}, {"version_name": "2.1.1", "schema_url": "https://schema.data.gouv.fr/schemas/scdl/deliberations/2.1.1/schema.json"}, {"version_name": "2.1.2", "schema_url": "https://schema.data.gouv.fr/schemas/scdl/deliberations/2.1.2/schema.json"}, {"version_name": "2.1.3", "schema_url": "https://schema.data.gouv.fr/schemas/scdl/deliberations/2.1.3/schema.json"}]}, {"name": "scdl/equipements", "title": "Équipements", "description": "Spécification du modèle de données relatif aux équipements collectifs publics d'une collectivité", "schema_url": "https://schema.data.gouv.fr/schemas/scdl/equipements/latest/schema.json", "schema_type": "tableschema", "contact": "scdl@opendatafrance.email", "examples": [], "versions": [{"version_name": "0.1.0", "schema_url": "https://schema.data.gouv.fr/schemas/scdl/equipements/0.1.0/schema.json"}, {"version_name": "0.1.1", "schema_url": "https://schema.data.gouv.fr/schemas/scdl/equipements/0.1.1/schema.json"}]}, {"name": "scdl/subventions", "title": "Subventions", "description": "Spécification du modèle de données relatif aux subventions attribuées par une collectivité", "schema_url": "https://schema.data.gouv.fr/schemas/scdl/subventions/latest/schema.json", "schema_type": "tableschema", "contact": "scdl@opendatafrance.email", "examples": [{"title": "Exemple de fichier subventions invalide", "path": "https://git.opendatafrance.net/scdl/subventions/raw/v2.0.1/exemples/exemple_invalide.csv"}], "versions": [{"version_name": "1.1.0", "schema_url": "https://schema.data.gouv.fr/schemas/scdl/subventions/1.1.0/schema.json"}, {"version_name": "2.0.0", "schema_url": "https://schema.data.gouv.fr/schemas/scdl/subventions/2.0.0/schema.json"}, {"version_name": "2.0.1", "schema_url": "https://schema.data.gouv.fr/schemas/scdl/subventions/2.0.1/schema.json"}]}, {"name": "etalab/schema-lieux-covoiturage", "title": "Lieux de covoiturage", "description": "Spécification des lieux permettant le covoiturage", "schema_url": "https://schema.data.gouv.fr/schemas/etalab/schema-lieux-covoiturage/latest/schema.json", "schema_type": "tableschema", "contact": "contact@transport.beta.gouv.fr", "examples": [{"title": "Ressource valide", "name": "exemple-valide", "path": "https://github.com/etalab/schema-lieux-covoiturage/raw/v0.1.2/exemple-valide.csv"}, {"title": "Ressource invalide", "name": "exemple-invalide", "path": "https://github.com/etalab/schema-lieux-covoiturage/raw/v0.1.2/exemple-invalide.csv"}], "versions": [{"version_name": "0.0.1", "schema_url": "https://schema.data.gouv.fr/schemas/etalab/schema-lieux-covoiturage/0.0.1/schema.json"}, {"version_name": "0.1.0", "schema_url": "https://schema.data.gouv.fr/schemas/etalab/schema-lieux-covoiturage/0.1.0/schema.json"}, {"version_name": "0.1.1", "schema_url": "https://schema.data.gouv.fr/schemas/etalab/schema-lieux-covoiturage/0.1.1/schema.json"}, {"version_name": "0.1.2", "schema_url": "https://schema.data.gouv.fr/schemas/etalab/schema-lieux-covoiturage/0.1.2/schema.json"}, {"version_name": "0.2.0", "schema_url": "https://schema.data.gouv.fr/schemas/etalab/schema-lieux-covoiturage/0.2.0/schema.json"}, {"version_name": "0.2.1", "schema_url": "https://schema.data.gouv.fr/schemas/etalab/schema-lieux-covoiturage/0.2.1/schema.json"}]}, {"name": "metis-reseaux/infos-travaux", "title": "Informations travaux", "description": "Schéma permettant de décrire des projets de travaux d'infrastructure.", "schema_url": "https://schema.data.gouv.fr/schemas/metis-reseaux/infos-travaux/0.0.2/informations_travaux.json", "schema_type": "jsonschema", "contact": "contact@gotmi.io", "versions": [{"version_name": "0.0.2", "schema_url": "https://schema.data.gouv.fr/schemas/metis-reseaux/infos-travaux/0.0.2/informations_travaux.json"}]}, {"name": "etalab/schema-stationnement", "title": "Lieux de stationnement", "description": "Spécification des lieux permettant le stationnement en parc", "schema_url": "https://schema.data.gouv.fr/schemas/etalab/schema-stationnement/latest/schema.json", "schema_type": "tableschema", "contact": "contact@transport.beta.gouv.fr", "examples": [{"title": "Ressource valide (CSV)", "name": "exemple-valide-csv", "path": "https://github.com/etalab/schema-stationnement/raw/v0.1.3/exemple-valide.csv"}, {"title": "Ressource valide (XLSX)", "name": "exemple-valide-xlsx", "path": "https://github.com/etalab/schema-stationnement/raw/v0.1.3/exemple-valide.xlsx"}, {"title": "Ressource invalide", "name": "exemple-invalide", "path": "https://github.com/etalab/schema-stationnement/raw/v0.1.3/exemple-invalide.csv"}], "versions": [{"version_name": "0.1.0", "schema_url": "https://schema.data.gouv.fr/schemas/etalab/schema-stationnement/0.1.0/schema.json"}, {"version_name": "0.1.1", "schema_url": "https://schema.data.gouv.fr/schemas/etalab/schema-stationnement/0.1.1/schema.json"}, {"version_name": "0.1.2", "schema_url": "https://schema.data.gouv.fr/schemas/etalab/schema-stationnement/0.1.2/schema.json"}, {"version_name": "0.1.3", "schema_url": "https://schema.data.gouv.fr/schemas/etalab/schema-stationnement/0.1.3/schema.json"}, {"version_name": "0.1.4", "schema_url": "https://schema.data.gouv.fr/schemas/etalab/schema-stationnement/0.1.4/schema.json"}]}, {"name": "scdl/budget", "title": "Budget des collectivités et établissements publics locaux", "description": "Les données essentielles du budget permettent de décrire le contenu des étapes budgétaires des collectivités locales et des établissements publics. Il permet de préciser les catégories de montants financiers ainsi que le découpage de ces sommes en fonction du type de présentation utilisé (par nature ou par fonction). Ce schéma décrit le détail de chaque champ et le cas échéant les règles de validité associées.", "schema_url": "https://schema.data.gouv.fr/schemas/scdl/budget/latest/schema.json", "schema_type": "tableschema", "contact": "scdl@opendatafrance.email", "examples": [{"title": "Exemple de fichier budget valide", "path": "https://git.opendatafrance.net/scdl/budget/raw/v0.8/examples/budget_valide.csv"}], "versions": [{"version_name": "0.8.1", "schema_url": "https://schema.data.gouv.fr/schemas/scdl/budget/0.8.1/schema.json"}]}, {"name": "arsante/schema-dae", "title": "DAE", "description": "Spécification du modèle de données relatif aux DAE", "schema_url": "https://schema.data.gouv.fr/schemas/arsante/schema-dae/latest/schema.json", "schema_type": "tableschema", "contact": "contact@geodae.sante.gouv.fr", "examples": [{"title": "Exemple de fichier DAE avec des données invalides", "path": "https://gitlab.com/arsante/atlasante/schema-dae/raw/1.0.2/exemple_invalide.csv"}, {"title": "Exemple de fichier DAE avec une structure invalide", "path": "https://gitlab.com/arsante/atlasante/schema-dae/raw/1.0.2/exemple_invalide_structure.csv"}, {"title": "Exemple de fichier DAE toutes les données invalides", "path": "https://gitlab.com/arsante/atlasante/schema-dae/raw/1.0.2/exemple_invalide_complet.csv"}, {"title": "Exemple de fichier DAE valide", "path": "https://gitlab.com/arsante/atlasante/schema-dae/raw/1.0.2/exemple_valide.csv"}], "versions": [{"version_name": "1.0.1", "schema_url": "https://schema.data.gouv.fr/schemas/arsante/schema-dae/1.0.1/schema.json"}, {"version_name": "1.0.2", "schema_url": "https://schema.data.gouv.fr/schemas/arsante/schema-dae/1.0.2/schema.json"}]}, {"name": "NaturalSolutions/schema-arbre", "title": "Schéma des attributs des arbres urbains", "description": "Spécification des attributs liés aux arbres urbains dans le cadre d'un inventaire du patrimoine arboré par les collectivités.", "schema_url": "https://schema.data.gouv.fr/schemas/NaturalSolutions/schema-arbre/latest/schema.json", "schema_type": "tableschema", "contact": "contact@natural-solutions.eu", "examples": [{"title": "Fichier valide (CSV)", "name": "exemple-valide-csv", "path": "https://raw.githubusercontent.com/NaturalSolutions/schema-arbre/v0.2.0/exemple-valide.csv"}, {"title": "Ressource valide (XLSX)", "name": "exemple-valide-xlsx", "path": "https://raw.githubusercontent.com/NaturalSolutions/schema-arbre/v0.2.0/exemple-valide.xlsx"}], "versions": [{"version_name": "0.1.0", "schema_url": "https://schema.data.gouv.fr/schemas/NaturalSolutions/schema-arbre/0.1.0/schema.json"}, {"version_name": "0.2.0", "schema_url": "https://schema.data.gouv.fr/schemas/NaturalSolutions/schema-arbre/0.2.0/schema.json"}, {"version_name": "0.2.1", "schema_url": "https://schema.data.gouv.fr/schemas/NaturalSolutions/schema-arbre/0.2.1/schema.json"}]}, {"name": "etalab/schema-amenagements-cyclables", "title": "Schéma d'aménagements cyclables", "description": "Spécification du schéma de données d'aménagements cyclables", "schema_url": "https://schema.data.gouv.fr/schemas/etalab/schema-amenagements-cyclables/0.3.0/schema_amenagements_cyclables.json", "schema_type": "jsonschema", "contact": "contact@transport.beta.gouv.fr", "versions": [{"version_name": "0.1.0", "schema_url": "https://schema.data.gouv.fr/schemas/etalab/schema-amenagements-cyclables/0.1.0/schema_amenagements_cyclables.json"}, {"version_name": "0.2.0", "schema_url": "https://schema.data.gouv.fr/schemas/etalab/schema-amenagements-cyclables/0.2.0/schema_amenagements_cyclables.json"}, {"version_name": "0.2.1", "schema_url": "https://schema.data.gouv.fr/schemas/etalab/schema-amenagements-cyclables/0.2.1/schema_amenagements_cyclables.json"}, {"version_name": "0.2.2", "schema_url": "https://schema.data.gouv.fr/schemas/etalab/schema-amenagements-cyclables/0.2.2/schema_amenagements_cyclables.json"}, {"version_name": "0.2.3", "schema_url": "https://schema.data.gouv.fr/schemas/etalab/schema-amenagements-cyclables/0.2.3/schema_amenagements_cyclables.json"}, {"version_name": "0.3.0", "schema_url": "https://schema.data.gouv.fr/schemas/etalab/schema-amenagements-cyclables/0.3.0/schema_amenagements_cyclables.json"}]}, {"name": "etalab/schema-stationnement-cyclable", "title": "Stationnement cyclable", "description": "Spécification du fichier décrivant les emplacements de stationnement cycable.", "schema_url": "https://schema.data.gouv.fr/schemas/etalab/schema-stationnement-cyclable/latest/schema.json", "schema_type": "tableschema", "contact": "contact@transport.beta.gouv.fr", "examples": [{"title": "Ressource valide (CSV)", "name": "exemple-valide-csv", "path": "https://github.com/etalab/schema-stationnement-cyclable/blob/master/exemple-valide.csv"}, {"title": "Ressource invalide", "name": "exemple-invalide", "path": "https://github.com/etalab/schema-stationnement-cyclable/blob/master/exemple-invalide.csv"}], "versions": [{"version_name": "0.1.0", "schema_url": "https://schema.data.gouv.fr/schemas/etalab/schema-stationnement-cyclable/0.1.0/schema.json"}, {"version_name": "0.2.0", "schema_url": "https://schema.data.gouv.fr/schemas/etalab/schema-stationnement-cyclable/0.2.0/schema.json"}, {"version_name": "0.2.1", "schema_url": "https://schema.data.gouv.fr/schemas/etalab/schema-stationnement-cyclable/0.2.1/schema.json"}, {"version_name": "1.0.0", "schema_url": "https://schema.data.gouv.fr/schemas/etalab/schema-stationnement-cyclable/1.0.0/schema.json"}]}, {"name": "etalab/schema-inclusion-numerique", "title": "Lieux d’inclusion numérique", "description": "Spécification des lieux d'inclusion numérique", "schema_url": "https://schema.data.gouv.fr/schemas/etalab/schema-inclusion-numerique/latest/schema.json", "schema_type": "tableschema", "contact": "carto@aidantsconnect.beta.gouv.fr", "examples": [{"title": "Ressource valide", "name": "exemple-valide", "path": "https://github.com/etalab/schema-inclusion-numerique/raw/v0.1.1/exemple-valide.csv"}], "versions": [{"version_name": "0.1.1", "schema_url": "https://schema.data.gouv.fr/schemas/etalab/schema-inclusion-numerique/0.1.1/schema.json"}]}, {"name": "etalab/schema-bal", "title": "Base Adresse Locale (BAL)", "description": "Fichier contenant toutes les adresses d'un territoire donné", "schema_url": "https://schema.data.gouv.fr/schemas/etalab/schema-bal/1.1.0/schema.yml", "schema_type": "other", "contact": "adresse@data.gouv.fr", "versions": [{"version_name": "1.1.0", "schema_url": "https://schema.data.gouv.fr/schemas/etalab/schema-bal/1.1.0/schema.yml"}]}, {"name": "etalab/schema-hautes-remunerations", "title": "Hautes rémunérations dans la fonction publique", "description": "Spécification du fichier de déclaration des dix rémunérations les plus élevées des agents publiques", "schema_url": "https://schema.data.gouv.fr/schemas/etalab/schema-hautes-remunerations/latest/schema.json", "schema_type": "tableschema", "contact": "schema@data.gouv.fr", "examples": [], "versions": [{"version_name": "0.1.0", "schema_url": "https://schema.data.gouv.fr/schemas/etalab/schema-hautes-remunerations/0.1.0/schema.json"}]}, {"name": "scdl/menus-collectifs", "title": "Menus de la restauration collective", "description": "Schéma permettant de décrire les menus des repas proposés par les collectivités locales, les établissements publics et privés. Il permet de préciser les modalités de distribution et le contenu des menus proposés (les plats). Le choix a été fait de détailler chaque plat sur une ligne. Pour décrire un menu il faut donc répéter certaines informations plusieurs fois (voir exemple).", "schema_url": "https://schema.data.gouv.fr/schemas/scdl/menus-collectifs/latest/schema.json", "schema_type": "tableschema", "contact": "scdl@opendatafrance.email", "examples": [{"title": "Exemple de fichier de menus valide en csv", "path": "https://git.opendatafrance.net/scdl/menus-collectifs/-/raw/master/examples/menus-collectifs_valide.csv"}, {"title": "Exemple de fichier de menus valide en Office Open XML", "path": "https://git.opendatafrance.net/scdl/menus-collectifs/-/raw/master/examples/menus-collectifs_valide.xlsx"}], "versions": [{"version_name": "0.1.0", "schema_url": "https://schema.data.gouv.fr/schemas/scdl/menus-collectifs/0.1.0/schema.json"}, {"version_name": "0.2.0", "schema_url": "https://schema.data.gouv.fr/schemas/scdl/menus-collectifs/0.2.0/schema.json"}, {"version_name": "0.4.0", "schema_url": "https://schema.data.gouv.fr/schemas/scdl/menus-collectifs/0.4.0/schema.json"}, {"version_name": "0.5.0", "schema_url": "https://schema.data.gouv.fr/schemas/scdl/menus-collectifs/0.5.0/schema.json"}, {"version_name": "0.6.0", "schema_url": "https://schema.data.gouv.fr/schemas/scdl/menus-collectifs/0.6.0/schema.json"}, {"version_name": "0.7.0", "schema_url": "https://schema.data.gouv.fr/schemas/scdl/menus-collectifs/0.7.0/schema.json"}, {"version_name": "0.9.0", "schema_url": "https://schema.data.gouv.fr/schemas/scdl/menus-collectifs/0.9.0/schema.json"}, {"version_name": "1.2.0", "schema_url": "https://schema.data.gouv.fr/schemas/scdl/menus-collectifs/1.2.0/schema.json"}, {"version_name": "1.2.1", "schema_url": "https://schema.data.gouv.fr/schemas/scdl/menus-collectifs/1.2.1/schema.json"}]}, {"name": "scdl/plats-menus-collectifs", "title": "Composition des plats des menus de la restauration collective", "description": "Description des plats proposés par des collectivités locales, des établissements publics et des entreprises dans le cadre de l'offre de restauration collective. Il permet de préciser les modalités de fabrication des plats et de détailler les produits qui les composent. Ce schéma décrit le détail de chaque champ et le cas échéant les règles de validité associées. Il peut être utilisé indépendamment ou en complément du le schéma sur les menus collectifs qui décrit la composition en plats.", "schema_url": "https://schema.data.gouv.fr/schemas/scdl/plats-menus-collectifs/latest/schema.json", "schema_type": "tableschema", "contact": "scdl@opendatafrance.email", "examples": [{"title": "Exemple de fichier de menus valide en csv", "path": "https://git.opendatafrance.net/scdl/plats-menus-collectifs/raw/0.7/examples/plats-collectifs_valide.csv"}, {"title": "Exemple de fichier de menus valide en OOXML", "path": "https://git.opendatafrance.net/scdl/plats-menus-collectifs/raw/0.7/examples/plats-collectifs_valide.xlsx"}], "versions": [{"version_name": "0.2.0", "schema_url": "https://schema.data.gouv.fr/schemas/scdl/plats-menus-collectifs/0.2.0/schema.json"}, {"version_name": "0.3.0", "schema_url": "https://schema.data.gouv.fr/schemas/scdl/plats-menus-collectifs/0.3.0/schema.json"}, {"version_name": "0.4.0", "schema_url": "https://schema.data.gouv.fr/schemas/scdl/plats-menus-collectifs/0.4.0/schema.json"}, {"version_name": "0.7.0", "schema_url": "https://schema.data.gouv.fr/schemas/scdl/plats-menus-collectifs/0.7.0/schema.json"}]}, {"name": "MTES-MCT/acceslibre-schema", "title": "Schéma des données d'accessibilité des ERPs", "description": "Spécification du fichier d'échange relatif aux données d'accessibilité des Établissements Recevant du Public (ERP).", "schema_url": "https://schema.data.gouv.fr/schemas/MTES-MCT/acceslibre-schema/latest/schema.json", "schema_type": "tableschema", "contact": "acceslibre@beta.gouv.fr", "examples": [{"title": "Fichier valide (CSV)", "name": "exemple-valide-csv", "path": "https://github.com/MTES-MCT/acceslibre-schema/raw/v0.0.1/exemple-valide.csv"}], "versions": [{"version_name": "0.0.1", "schema_url": "https://schema.data.gouv.fr/schemas/MTES-MCT/acceslibre-schema/0.0.1/schema.json"}]}, {"name": "etalab/schema-sdirve", "title": "Schéma directeur des infrastructures de recharge pour véhicules électriques et hybrides rechargeables", "description": "Spécification du fichier d'échange relatif aux schéma directeur des infrastructures de recharge pour véhicules électriques et hybrides rechargeables.", "schema_url": "https://schema.data.gouv.fr/schemas/etalab/schema-sdirve/latest/schema.json", "schema_type": "tableschema", "contact": "schema@data.gouv.fr", "examples": [{"title": "Fichier valide (CSV)", "name": "exemple-valide-csv", "path": "https://github.com/etalab/schema-sdirve/raw/v0.1.0/exemple-valide.csv"}], "versions": [{"version_name": "0.1.0", "schema_url": "https://schema.data.gouv.fr/schemas/etalab/schema-sdirve/0.1.0/schema.json"}]}, {"name": "Archivistes75/registre_entrees", "title": "Registre d'entrée d'archives", "description": "Spécification du standard national des registres d'entrée d'archives", "schema_url": "https://schema.data.gouv.fr/schemas/Archivistes75/registre_entrees/latest/schema.json", "schema_type": "tableschema", "contact": "hello@datactivist.coop", "examples": [], "versions": [{"version_name": "0.2.0", "schema_url": "https://schema.data.gouv.fr/schemas/Archivistes75/registre_entrees/0.2.0/schema.json"}]}, {"name": "datatourisme/ontology", "title": "DATAtourisme", "description": "Ontologie destinée à structurer les données décrivant l'ensemble des points d'intérêts recensés par les Offices de Tourisme, Agences Départementales et Comités Régionaux du Tourisme. Fêtes et manifestations, sites patrimoniaux, activités de loisirs, itinéraires, hébergements, restaurants, boutiques et services.", "schema_url": "https://schema.data.gouv.fr/schemas/datatourisme/ontology/2.4.8/schema.yml", "schema_type": "other", "contact": "contact@datatourisme.fr", "versions": [{"version_name": "2.4.7", "schema_url": "https://schema.data.gouv.fr/schemas/datatourisme/ontology/2.4.7/schema.yml"}, {"version_name": "2.4.8", "schema_url": "https://schema.data.gouv.fr/schemas/datatourisme/ontology/2.4.8/schema.yml"}]}, {"name": "etalab/schema-zfe", "title": "Zone à Faibles Emissions", "description": "Spécification du schéma de données des Zones à Faibles Emissions", "schema_url": "https://schema.data.gouv.fr/schemas/etalab/schema-zfe/0.6.1/schema.json", "schema_type": "jsonschema", "contact": "contact@transport.beta.gouv.fr", "versions": [{"version_name": "0.6.1", "schema_url": "https://schema.data.gouv.fr/schemas/etalab/schema-zfe/0.6.1/schema.json"}]}, {"name": "CEREMA/schema-arrete-circulation-marchandises", "title": "Arrêtés permanents de circulation pour le transport de marchandises", "description": "Spécification du fichier d'échange relatif aux arrêtés permanents de circulation pour le transport de marchandises gérés par les collectivités.", "schema_url": "https://schema.data.gouv.fr/schemas/CEREMA/schema-arrete-circulation-marchandises/latest/schema.json", "schema_type": "tableschema", "contact": "data-med@cerema.fr", "examples": [{"title": "Fichier valide", "name": "exemple-valide-csv", "path": "https://github.com/CEREMA/schema-arrete-permanent-circulation/blob/master/exemple-valide.csv"}, {"title": "Fichier valide pour la commune de Saint-Victoret (CSV)", "name": "exemple-st-victoret-valide-csv", "path": "https://github.com/CEREMA/schema-arrete-permanent-circulation/blob/master/examples/exemple-st-victoret-valide.csv"}, {"title": "Fichier valide pour la commune du Rove (CSV)", "name": "exemple-le-rove-valide-csv", "path": "https://github.com/CEREMA/schema-arrete-permanent-circulation/blob/master/examples/exemple-le-rove-valide.csv"}, {"title": "Fichier valide pour la commune de Septèmes-Les-Vallons (CSV)", "name": "exemple-septemes-valide-csv", "path": "https://github.com/CEREMA/schema-arrete-permanent-circulation/blob/master/examples/exemple-septemes-valide.csv"}, {"title": "Fichier valide pour la commune de Gignac-La-Nerthe (CSV)", "name": "exemple-gignac-valide-csv", "path": "https://github.com/CEREMA/schema-arrete-permanent-circulation/blob/master/examples/exemple-gignac-valide.csv"}], "versions": [{"version_name": "0.3.0", "schema_url": "https://schema.data.gouv.fr/schemas/CEREMA/schema-arrete-circulation-marchandises/0.3.0/schema.json"}, {"version_name": "0.4.0", "schema_url": "https://schema.data.gouv.fr/schemas/CEREMA/schema-arrete-circulation-marchandises/0.4.0/schema.json"}, {"version_name": "0.4.1", "schema_url": "https://schema.data.gouv.fr/schemas/CEREMA/schema-arrete-circulation-marchandises/0.4.1/schema.json"}, {"version_name": "0.5.0", "schema_url": "https://schema.data.gouv.fr/schemas/CEREMA/schema-arrete-circulation-marchandises/0.5.0/schema.json"}, {"version_name": "0.6.0", "schema_url": "https://schema.data.gouv.fr/schemas/CEREMA/schema-arrete-circulation-marchandises/0.6.0/schema.json"}, {"version_name": "0.6.1", "schema_url": "https://schema.data.gouv.fr/schemas/CEREMA/schema-arrete-circulation-marchandises/0.6.1/schema.json"}, {"version_name": "0.6.2", "schema_url": "https://schema.data.gouv.fr/schemas/CEREMA/schema-arrete-circulation-marchandises/0.6.2/schema.json"}]}]}