{"$schema": "https://opendataschema.frama.io/catalog/schema-catalog.json", "version": 1, "schemas": [{"name": "etalab/schema-irve", "title": "Infrastructures de recharge pour véhicules électriques", "description": "Spécification du fichier d'échange relatif aux données concernant la localisation géographique et les caractéristiques techniques des stations et des points de recharge pour véhicules électriques", "schema_url": "https://schema.data.gouv.fr/schemas/etalab/schema-irve/latest/schema.json", "contact": "contact@transport.beta.gouv.fr", "versions": [{"version_name": "1.0.0", "schema_url": "https://schema.data.gouv.fr/schemas/etalab/schema-irve/1.0.0/schema.json"}, {"version_name": "1.0.1", "schema_url": "https://schema.data.gouv.fr/schemas/etalab/schema-irve/1.0.1/schema.json"}, {"version_name": "1.0.2", "schema_url": "https://schema.data.gouv.fr/schemas/etalab/schema-irve/1.0.2/schema.json"}, {"version_name": "1.0.3", "schema_url": "https://schema.data.gouv.fr/schemas/etalab/schema-irve/1.0.3/schema.json"}, {"version_name": "2.0.0", "schema_url": "https://schema.data.gouv.fr/schemas/etalab/schema-irve/2.0.0/schema.json"}]}, {"name": "etalab/schema-decp-dpa", "title": "Spécification du fichier de déclaration de profil d'acheteur", "description": "Spécification du fichier de déclaration de profil d'acheteur", "schema_url": "https://schema.data.gouv.fr/schemas/etalab/schema-decp-dpa/latest/schema.json", "contact": "schema@data.gouv.fr", "versions": [{"version_name": "1.0.0", "schema_url": "https://schema.data.gouv.fr/schemas/etalab/schema-decp-dpa/1.0.0/schema.json"}]}, {"name": "scdl/catalogue", "title": "Catalogue simplifié", "description": "Spécification du modèle de données relatif au catalogue des jeux de données publiés en open data par une collectivité", "schema_url": "https://schema.data.gouv.fr/schemas/scdl/catalogue/latest/schema.json", "contact": "scdl@opendatafrance.email", "versions": [{"version_name": "0.1.1", "schema_url": "https://schema.data.gouv.fr/schemas/scdl/catalogue/0.1.1/schema.json"}, {"version_name": "0.1.2", "schema_url": "https://schema.data.gouv.fr/schemas/scdl/catalogue/0.1.2/schema.json"}]}, {"name": "scdl/deliberations", "title": "Délibérations", "description": "Spécification du modèle de données relatif aux délibérations adoptées par une collectivité locale", "schema_url": "https://schema.data.gouv.fr/schemas/scdl/deliberations/latest/schema.json", "contact": "scdl@opendatafrance.email", "versions": [{"version_name": "1.1.0", "schema_url": "https://schema.data.gouv.fr/schemas/scdl/deliberations/1.1.0/schema.json"}, {"version_name": "2.0.0", "schema_url": "https://schema.data.gouv.fr/schemas/scdl/deliberations/2.0.0/schema.json"}, {"version_name": "2.1.0", "schema_url": "https://schema.data.gouv.fr/schemas/scdl/deliberations/2.1.0/schema.json"}, {"version_name": "2.1.1", "schema_url": "https://schema.data.gouv.fr/schemas/scdl/deliberations/2.1.1/schema.json"}, {"version_name": "2.1.2", "schema_url": "https://schema.data.gouv.fr/schemas/scdl/deliberations/2.1.2/schema.json"}, {"version_name": "2.1.3", "schema_url": "https://schema.data.gouv.fr/schemas/scdl/deliberations/2.1.3/schema.json"}]}, {"name": "scdl/equipements", "title": "Équipements", "description": "Spécification du modèle de données relatif aux équipements collectifs publics d'une collectivité", "schema_url": "https://schema.data.gouv.fr/schemas/scdl/equipements/latest/schema.json", "contact": "scdl@opendatafrance.email", "versions": [{"version_name": "0.1.0", "schema_url": "https://schema.data.gouv.fr/schemas/scdl/equipements/0.1.0/schema.json"}, {"version_name": "0.1.1", "schema_url": "https://schema.data.gouv.fr/schemas/scdl/equipements/0.1.1/schema.json"}]}, {"name": "scdl/subventions", "title": "Subventions", "description": "Spécification du modèle de données relatif aux subventions attribuées par une collectivité", "schema_url": "https://schema.data.gouv.fr/schemas/scdl/subventions/latest/schema.json", "contact": "scdl@opendatafrance.email", "versions": [{"version_name": "1.1.0", "schema_url": "https://schema.data.gouv.fr/schemas/scdl/subventions/1.1.0/schema.json"}, {"version_name": "2.0.0", "schema_url": "https://schema.data.gouv.fr/schemas/scdl/subventions/2.0.0/schema.json"}, {"version_name": "2.0.1", "schema_url": "https://schema.data.gouv.fr/schemas/scdl/subventions/2.0.1/schema.json"}]}, {"name": "etalab/schema-lieux-covoiturage", "title": "Lieux de covoiturage", "description": "Spécification des lieux permettant le covoiturage", "schema_url": "https://schema.data.gouv.fr/schemas/etalab/schema-lieux-covoiturage/latest/schema.json", "contact": "contact@transport.beta.gouv.fr", "versions": [{"version_name": "0.0.1", "schema_url": "https://schema.data.gouv.fr/schemas/etalab/schema-lieux-covoiturage/0.0.1/schema.json"}, {"version_name": "0.1.0", "schema_url": "https://schema.data.gouv.fr/schemas/etalab/schema-lieux-covoiturage/0.1.0/schema.json"}, {"version_name": "0.1.1", "schema_url": "https://schema.data.gouv.fr/schemas/etalab/schema-lieux-covoiturage/0.1.1/schema.json"}, {"version_name": "0.1.2", "schema_url": "https://schema.data.gouv.fr/schemas/etalab/schema-lieux-covoiturage/0.1.2/schema.json"}, {"version_name": "0.2.0", "schema_url": "https://schema.data.gouv.fr/schemas/etalab/schema-lieux-covoiturage/0.2.0/schema.json"}, {"version_name": "0.2.1", "schema_url": "https://schema.data.gouv.fr/schemas/etalab/schema-lieux-covoiturage/0.2.1/schema.json"}]}, {"name": "etalab/schema-stationnement", "title": "Lieux de stationnement", "description": "Spécification des lieux permettant le stationnement en parc", "schema_url": "https://schema.data.gouv.fr/schemas/etalab/schema-stationnement/latest/schema.json", "contact": "contact@transport.beta.gouv.fr", "versions": [{"version_name": "0.1.0", "schema_url": "https://schema.data.gouv.fr/schemas/etalab/schema-stationnement/0.1.0/schema.json"}, {"version_name": "0.1.1", "schema_url": "https://schema.data.gouv.fr/schemas/etalab/schema-stationnement/0.1.1/schema.json"}, {"version_name": "0.1.2", "schema_url": "https://schema.data.gouv.fr/schemas/etalab/schema-stationnement/0.1.2/schema.json"}, {"version_name": "0.1.3", "schema_url": "https://schema.data.gouv.fr/schemas/etalab/schema-stationnement/0.1.3/schema.json"}, {"version_name": "0.1.4", "schema_url": "https://schema.data.gouv.fr/schemas/etalab/schema-stationnement/0.1.4/schema.json"}]}, {"name": "scdl/budget", "title": "Budget des collectivités et établissements publics locaux", "description": "Les données essentielles du budget permettent de décrire le contenu des étapes budgétaires des collectivités locales et des établissements publics. Il permet de préciser les catégories de montants financiers ainsi que le découpage de ces sommes en fonction du type de présentation utilisé (par nature ou par fonction). Ce schéma décrit le détail de chaque champ et le cas échéant les règles de validité associées.", "schema_url": "https://schema.data.gouv.fr/schemas/scdl/budget/latest/schema.json", "contact": "scdl@opendatafrance.email", "versions": [{"version_name": "0.8.1", "schema_url": "https://schema.data.gouv.fr/schemas/scdl/budget/0.8.1/schema.json"}]}, {"name": "arsante/schema-dae", "title": "DAE", "description": "Spécification du modèle de données relatif aux DAE", "schema_url": "https://schema.data.gouv.fr/schemas/arsante/schema-dae/latest/schema.json", "contact": "contact@geodae.sante.gouv.fr", "versions": [{"version_name": "1.0.1", "schema_url": "https://schema.data.gouv.fr/schemas/arsante/schema-dae/1.0.1/schema.json"}, {"version_name": "1.0.2", "schema_url": "https://schema.data.gouv.fr/schemas/arsante/schema-dae/1.0.2/schema.json"}]}, {"name": "NaturalSolutions/schema-arbre", "title": "Arbres urbains", "description": "Spécification des attributs liés aux arbres urbains dans le cadre d'un inventaire du patrimoine arboré par les collectivités.", "schema_url": "https://schema.data.gouv.fr/schemas/NaturalSolutions/schema-arbre/latest/schema.json", "contact": "contact@natural-solutions.eu", "versions": [{"version_name": "0.1.0", "schema_url": "https://schema.data.gouv.fr/schemas/NaturalSolutions/schema-arbre/0.1.0/schema.json"}, {"version_name": "0.2.0", "schema_url": "https://schema.data.gouv.fr/schemas/NaturalSolutions/schema-arbre/0.2.0/schema.json"}, {"version_name": "0.2.1", "schema_url": "https://schema.data.gouv.fr/schemas/NaturalSolutions/schema-arbre/0.2.1/schema.json"}, {"version_name": "0.2.2", "schema_url": "https://schema.data.gouv.fr/schemas/NaturalSolutions/schema-arbre/0.2.2/schema.json"}]}, {"name": "etalab/schema-stationnement-cyclable", "title": "Stationnement cyclable", "description": "Spécification du fichier décrivant les emplacements de stationnement cycable.", "schema_url": "https://schema.data.gouv.fr/schemas/etalab/schema-stationnement-cyclable/latest/schema.json", "contact": "contact@transport.beta.gouv.fr", "versions": [{"version_name": "0.1.0", "schema_url": "https://schema.data.gouv.fr/schemas/etalab/schema-stationnement-cyclable/0.1.0/schema.json"}, {"version_name": "0.2.0", "schema_url": "https://schema.data.gouv.fr/schemas/etalab/schema-stationnement-cyclable/0.2.0/schema.json"}, {"version_name": "0.2.1", "schema_url": "https://schema.data.gouv.fr/schemas/etalab/schema-stationnement-cyclable/0.2.1/schema.json"}, {"version_name": "1.0.0", "schema_url": "https://schema.data.gouv.fr/schemas/etalab/schema-stationnement-cyclable/1.0.0/schema.json"}]}, {"name": "etalab/schema-inclusion-numerique", "title": "Lieux d’inclusion numérique", "description": "Spécification des lieux d'inclusion numérique", "schema_url": "https://schema.data.gouv.fr/schemas/etalab/schema-inclusion-numerique/latest/schema.json", "contact": "carto@aidantsconnect.beta.gouv.fr", "versions": [{"version_name": "0.1.1", "schema_url": "https://schema.data.gouv.fr/schemas/etalab/schema-inclusion-numerique/0.1.1/schema.json"}]}, {"name": "etalab/schema-hautes-remunerations", "title": "Hautes rémunérations dans la fonction publique", "description": "Spécification du fichier de déclaration des dix rémunérations les plus élevées des agents publiques", "schema_url": "https://schema.data.gouv.fr/schemas/etalab/schema-hautes-remunerations/latest/schema.json", "contact": "schema@data.gouv.fr", "versions": [{"version_name": "0.1.0", "schema_url": "https://schema.data.gouv.fr/schemas/etalab/schema-hautes-remunerations/0.1.0/schema.json"}]}, {"name": "scdl/menus-collectifs", "title": "Menus de la restauration collective", "description": "Schéma permettant de décrire les menus des repas proposés par les collectivités locales, les établissements publics et privés. Il permet de préciser les modalités de distribution et le contenu des menus proposés (les plats). Le choix a été fait de détailler chaque plat sur une ligne. Pour décrire un menu il faut donc répéter certaines informations plusieurs fois (voir exemple).", "schema_url": "https://schema.data.gouv.fr/schemas/scdl/menus-collectifs/latest/schema.json", "contact": "scdl@opendatafrance.email", "versions": [{"version_name": "0.1.0", "schema_url": "https://schema.data.gouv.fr/schemas/scdl/menus-collectifs/0.1.0/schema.json"}, {"version_name": "0.2.0", "schema_url": "https://schema.data.gouv.fr/schemas/scdl/menus-collectifs/0.2.0/schema.json"}, {"version_name": "0.4.0", "schema_url": "https://schema.data.gouv.fr/schemas/scdl/menus-collectifs/0.4.0/schema.json"}, {"version_name": "0.5.0", "schema_url": "https://schema.data.gouv.fr/schemas/scdl/menus-collectifs/0.5.0/schema.json"}, {"version_name": "0.6.0", "schema_url": "https://schema.data.gouv.fr/schemas/scdl/menus-collectifs/0.6.0/schema.json"}, {"version_name": "0.7.0", "schema_url": "https://schema.data.gouv.fr/schemas/scdl/menus-collectifs/0.7.0/schema.json"}, {"version_name": "0.9.0", "schema_url": "https://schema.data.gouv.fr/schemas/scdl/menus-collectifs/0.9.0/schema.json"}, {"version_name": "1.2.0", "schema_url": "https://schema.data.gouv.fr/schemas/scdl/menus-collectifs/1.2.0/schema.json"}, {"version_name": "1.2.1", "schema_url": "https://schema.data.gouv.fr/schemas/scdl/menus-collectifs/1.2.1/schema.json"}]}, {"name": "scdl/plats-menus-collectifs", "title": "Composition des plats des menus de la restauration collective", "description": "Description des plats proposés par des collectivités locales, des établissements publics et des entreprises dans le cadre de l'offre de restauration collective. Il permet de préciser les modalités de fabrication des plats et de détailler les produits qui les composent. Ce schéma décrit le détail de chaque champ et le cas échéant les règles de validité associées. Il peut être utilisé indépendamment ou en complément du le schéma sur les menus collectifs qui décrit la composition en plats.", "schema_url": "https://schema.data.gouv.fr/schemas/scdl/plats-menus-collectifs/latest/schema.json", "contact": "scdl@opendatafrance.email", "versions": [{"version_name": "0.2.0", "schema_url": "https://schema.data.gouv.fr/schemas/scdl/plats-menus-collectifs/0.2.0/schema.json"}, {"version_name": "0.3.0", "schema_url": "https://schema.data.gouv.fr/schemas/scdl/plats-menus-collectifs/0.3.0/schema.json"}, {"version_name": "0.4.0", "schema_url": "https://schema.data.gouv.fr/schemas/scdl/plats-menus-collectifs/0.4.0/schema.json"}, {"version_name": "0.7.0", "schema_url": "https://schema.data.gouv.fr/schemas/scdl/plats-menus-collectifs/0.7.0/schema.json"}]}, {"name": "MTES-MCT/acceslibre-schema", "title": "Schéma des données d'accessibilité des ERPs", "description": "Spécification du fichier d'échange relatif aux données d'accessibilité des Établissements Recevant du Public (ERP).", "schema_url": "https://schema.data.gouv.fr/schemas/MTES-MCT/acceslibre-schema/latest/schema.json", "contact": "acceslibre@beta.gouv.fr", "versions": [{"version_name": "0.0.1", "schema_url": "https://schema.data.gouv.fr/schemas/MTES-MCT/acceslibre-schema/0.0.1/schema.json"}]}, {"name": "etalab/schema-sdirve", "title": "Schéma directeur des infrastructures de recharge pour véhicules électriques et hybrides rechargeables", "description": "Spécification du fichier d'échange relatif aux schéma directeur des infrastructures de recharge pour véhicules électriques et hybrides rechargeables.", "schema_url": "https://schema.data.gouv.fr/schemas/etalab/schema-sdirve/latest/schema.json", "contact": "schema@data.gouv.fr", "versions": [{"version_name": "0.1.0", "schema_url": "https://schema.data.gouv.fr/schemas/etalab/schema-sdirve/0.1.0/schema.json"}]}, {"name": "Archivistes75/registre_entrees", "title": "Registre d'entrée d'archives", "description": "Spécification du standard national des registres d'entrée d'archives", "schema_url": "https://schema.data.gouv.fr/schemas/Archivistes75/registre_entrees/latest/schema.json", "contact": "hello@datactivist.coop", "versions": [{"version_name": "0.2.0", "schema_url": "https://schema.data.gouv.fr/schemas/Archivistes75/registre_entrees/0.2.0/schema.json"}]}, {"name": "CEREMA/schema-arrete-circulation-marchandises", "title": "Arrêtés permanents de circulation pour le transport de marchandises", "description": "Spécification du fichier d'échange relatif aux arrêtés permanents de circulation pour le transport de marchandises gérés par les collectivités.", "schema_url": "https://schema.data.gouv.fr/schemas/CEREMA/schema-arrete-circulation-marchandises/latest/schema.json", "contact": "data-med@cerema.fr", "versions": [{"version_name": "0.3.0", "schema_url": "https://schema.data.gouv.fr/schemas/CEREMA/schema-arrete-circulation-marchandises/0.3.0/schema.json"}, {"version_name": "0.4.0", "schema_url": "https://schema.data.gouv.fr/schemas/CEREMA/schema-arrete-circulation-marchandises/0.4.0/schema.json"}, {"version_name": "0.4.1", "schema_url": "https://schema.data.gouv.fr/schemas/CEREMA/schema-arrete-circulation-marchandises/0.4.1/schema.json"}, {"version_name": "0.5.0", "schema_url": "https://schema.data.gouv.fr/schemas/CEREMA/schema-arrete-circulation-marchandises/0.5.0/schema.json"}, {"version_name": "0.6.0", "schema_url": "https://schema.data.gouv.fr/schemas/CEREMA/schema-arrete-circulation-marchandises/0.6.0/schema.json"}, {"version_name": "0.6.1", "schema_url": "https://schema.data.gouv.fr/schemas/CEREMA/schema-arrete-circulation-marchandises/0.6.1/schema.json"}, {"version_name": "0.6.2", "schema_url": "https://schema.data.gouv.fr/schemas/CEREMA/schema-arrete-circulation-marchandises/0.6.2/schema.json"}, {"version_name": "0.6.3", "schema_url": "https://schema.data.gouv.fr/schemas/CEREMA/schema-arrete-circulation-marchandises/0.6.3/schema.json"}]}, {"name": "openmaraude/schema-stationstaxi", "title": "Stations de taxi", "description": "Spécification des stations de taxi à usage public", "schema_url": "https://schema.data.gouv.fr/schemas/openmaraude/schema-stationstaxi/latest/schema.json", "contact": "tech@le.taxi", "versions": [{"version_name": "0.1.0", "schema_url": "https://schema.data.gouv.fr/schemas/openmaraude/schema-stationstaxi/0.1.0/schema.json"}, {"version_name": "0.1.1", "schema_url": "https://schema.data.gouv.fr/schemas/openmaraude/schema-stationstaxi/0.1.1/schema.json"}]}, {"name": "etalab/schema-vehicules-faibles-emissions-renouvellement-parc", "title": "Part des véhicules à faibles émissions dans le renouvellement d'un parc", "description": "Spécification des données fixant les termes et modalités de publication du pourcentage de véhicules à faibles et à très faibles émissions parmi les véhicules intégrés dans un renouvellement de parc", "schema_url": "https://schema.data.gouv.fr/schemas/etalab/schema-vehicules-faibles-emissions-renouvellement-parc/latest/schema.json", "contact": "schema@data.gouv.fr", "versions": [{"version_name": "0.1.0", "schema_url": "https://schema.data.gouv.fr/schemas/etalab/schema-vehicules-faibles-emissions-renouvellement-parc/0.1.0/schema.json"}, {"version_name": "0.1.1", "schema_url": "https://schema.data.gouv.fr/schemas/etalab/schema-vehicules-faibles-emissions-renouvellement-parc/0.1.1/schema.json"}]}, {"name": "datakode/schema-pei", "title": "Point d'Eau Incendie (PEI)", "description": "Spécification du modèle de données relatif aux PEI", "schema_url": "https://schema.data.gouv.fr/schemas/datakode/schema-pei/latest/schema.json", "contact": "portier@datakode.fr", "versions": [{"version_name": "1.0.0", "schema_url": "https://schema.data.gouv.fr/schemas/datakode/schema-pei/1.0.0/schema.json"}]}]}