{
    "$schema": "https://frictionlessdata.io/schemas/table-schema.json",
    "title": "Infrastructures de recharge de véhicules électriques",
    "description": "Spécification du fichier d'échange relatif aux données concernant la localisation géographique et les caractéristiques techniques des stations et des points de recharge pour véhicules électriques",
    "author": "Alexandre Bulté pour Etalab",
    "contact": "validation@data.gouv.fr",
    "contributor": "Charles Nepote, Pierre Dittgen, Johan Richer",
    "version": "1.0.1",
    "created": "2018-06-29",
    "updated": "2019-05-06",
    "homepage": "https://github.com/etalab/schema-irve",
    "uri": "https://github.com/etalab/schema-irve/raw/v1.0.1/schema.json",
    "example": "https://github.com/etalab/schema-irve/raw/v1.0.1/exemple-valide.csv",
    "fields": [
        {
            "name": "n_amenageur",
            "description": "Le nom de l'aménageur, c'est à dire de l'entité publique ou privée propriétaire des infrastructures",
            "example": "Société X, Entité Y",
            "type": "string",
            "constraints": {
                "required": true
            }
        },
        {
            "name": "n_operateur",
            "description": "Le nom de l'opérateur qui opère le réseau d'infrastructure (l'aménageur ou un tiers auquel a été confié la responsabilité par délégation)",
            "example": "Société X, Entité Y",
            "type": "string",
            "constraints": {
                "required": true
            }
        },
        {
            "name": "n_enseigne",
            "description": "Le nom commercial du réseau",
            "example": "Réseau de recharge ABC",
            "type": "string",
            "constraints": {
                "required": true
            }
        },
        {
            "name": "id_station",
            "description": "L'identifiant de la station délivré selon les modalités définies à l'article 10 du décret n° 2017-26 du 12 janvier 2017",
            "example": "FR*A68*P68021*A",
            "type": "string",
            "constraints": {
                "required": true
            }
        },
        {
            "name": "n_station",
            "description": "le nom de la station",
            "example": "Picpus, Belleville, Villiers",
            "type": "string",
            "constraints": {
                "required": true
            }
        },
        {
            "name": "ad_station",
            "description": "L'adresse complète de la station : [numéro] [rue], [code postal] [ville]",
            "example": "1 avenue de la Paix, 75001 Paris",
            "type": "string",
            "constraints": {
                "required": true
            }
        },
        {
            "name": "code_insee",
            "description": "Le code INSEE de la commune d'implantation",
            "example": "06088, 2B002 (pour une commune corse)",
            "type": "string",
            "constraints": {
                "pattern": "^([013-9]\\d|2[AB1-9])\\d{3}$",
                "required": true
            }
        },
        {
            "name": "Xlongitude",
            "description": "La longitude en degrés décimaux (point comme séparateur décimal) de la localisation de la station exprimée dans le système de coordonnées WGS84",
            "example": "7.48710500",
            "type": "number",
            "constraints": {
                "required": true
            }
        },
        {
            "name": "Ylatitude",
            "description": "La latitude en degrés décimaux (point comme séparateur décimal) de la localisation de la station exprimée le système de coordonnées WGS84",
            "example": "47.63495500",
            "type": "number",
            "constraints": {
                "required": true
            }
        },
        {
            "name": "nbre_pdc",
            "description": "Le nombre de points de recharge sur la station",
            "example": "1, 10",
            "type": "integer",
            "constraints": {
                "required": true
            }
        },
        {
            "name": "id_pdc",
            "description": "L'identifiant du point de recharge délivré selon les modalités définies à l'article 10 du décret n° 2017-26 du 12 janvier 2017",
            "example": "FR*A68*E68021*A*B1*D",
            "type": "string",
            "constraints": {
                "required": true
            }
        },
        {
            "name": "puiss_max",
            "description": "La puissance maximale délivrée à chaque point de recharge, exprimée en kW, en fonction du contrat d'abonnement de puissance de la station et du type de connecteur",
            "example": "22.00",
            "type": "number",
            "constraints": {
                "required": true
            }
        },
        {
            "name": "type_prise",
            "description": "Les types de prises ou de connecteurs disponibles sur chaque point de charge",
            "example": "E/F, T2",
            "type": "string",
            "constraints": {
                "required": true
            }
        },
        {
            "name": "acces_recharge",
            "description": "Modalités d'accès à la recharge",
            "example": "Payant, Gratuit, Sur abonnement",
            "type": "string",
            "constraints": {
                "required": true
            }
        },
        {
            "name": "accessibilité",
            "description": "Amplitude d'ouverture de la station",
            "example": "24/24 7/7 jours",
            "type": "string",
            "constraints": {
                "required": true
            }
        },
        {
            "name": "observations",
            "description": "Champ destiné à préciser les modalités d'accès à la recharge, l'accessibilité, le tarif, les horaires d'ouverture, …",
            "example": "Recharge uniquement disponible pendant les horaires d'ouverture du Centre Commercial XY",
            "type": "string",
            "constraints": {
                "required": true
            }
        },
        {
            "name": "date_maj",
            "description": "Date de mise à jour des données",
            "example": "2018/08/08, 2015/12/30",
            "type": "date",
            "format": "%Y/%m/%d",
            "constraints": {
                "required": true
            }
        }
    ],
    "missingValues": [
        ""
    ],
    "primaryKey": "id_pdc"
}
